Pregnancies,Glucose,BloodPressure,SkinThickness,Insulin,BMI,DiabetesPedigreeFunction,Age
6,106.09746921562613,70.97440081655904,28.24083969394795,118.0697802754207,25.776620394784324,1.9286498603900113,44
3,106.0281073928923,107.78417276763406,21.149177195836835,176.90182832329845,32.74915992426311,0.5783863620681918,25
7,127.25886814698103,79.79754162893099,18.230779996940413,98.20869804450243,19.38357524898118,1.0447721611955323,72
4,70.0,64.1343360656615,31.11676288840868,178.2321827907003,22.378702827217854,0.6716687886518623,54
6,70.0,92.33817368154783,35.30999522495951,0.0,21.86313477494274,0.6411969393171885,26
9,103.13137412277082,61.68734525043467,34.31280119116199,141.09512521876118,15.0,0.17008519997361232,42
2,89.61506638996728,83.13295392507133,16.607824767773614,104.35235341190857,27.368962216516607,1.258172234561804,31
6,129.42741997785822,50.60494814180337,21.907876241487855,85.0496324767066,27.088442177439113,1.0550901441348368,68
7,92.75927773436366,60.07720926652354,28.31263431403564,104.58803882677512,25.040907653139687,0.19780962737497976,36
4,77.63088895994125,82.95291853803685,34.75545127122359,0.62155426995536,23.123302932998822,0.6294282820495617,53
3,163.96946306764661,91.07699869993115,20.2082576215471,89.0164056081244,15.0,1.825705183336642,29
7,113.22671098540393,82.57052421784955,23.14341023336183,117.85562857558732,21.63483741787713,0.5551675922672475,79
7,122.02584614063771,78.2652757641764,13.936650259939718,173.8947022370758,22.258283867785845,0.37530025697332386,26
2,77.2575544135963,75.48344456616067,13.037933759193292,74.08648908631763,18.58178184622705,1.0299602445273697,36
5,103.66851826424453,57.82217014448859,33.125258223941984,59.57531985534062,23.709714306671927,1.9727358628101412,49
4,123.32767769129599,69.20233687407936,38.56240028570823,74.91214782077317,28.232406854516306,0.5599050158718508,23
1,85.47019267733091,73.09041843560318,24.27989878419666,145.7701058851037,40.08948720968424,1.377057540071169,40
7,131.27094055037017,95.85683339328374,35.03532897892024,116.43755548298422,26.39662250265471,1.5470772691245633,79
5,101.98083930243585,85.15427434352692,28.61636025047634,73.51198981164806,27.060403125782113,0.5515113335855594,56
1,111.2491875062017,53.55439766955899,18.548802453948756,125.6633716556678,24.404432673870662,1.4836110623625332,39
