{
  "accuracy": 0.7337662337662337,
  "precision": 0.6031746031746031,
  "recall": 0.7037037037037037,
  "f1_score": 0.6495726495726495
}